Index,Year,TruePrecent,FalsePercent
0,2017,0.597200622,0.402799378
1,2018,0.637119114,0.362880886
2,2019,0.631578947,0.368421053
3,2020 Prediction,0.656339216,0.343660784